,dictionary,id,label
209,JSCTaxonomy,http://learn.analytics.nasa.gov/JSCTaxonomy/data#OMII0IIN1723726483,TDF
295,JSCTaxonomy,http://learn.analytics.nasa.gov/JSCTaxonomy/data#OMII0IIN248101471,STS-099
296,JSCTaxonomy,http://learn.analytics.nasa.gov/JSCTaxonomy/data#OMII0IIN1674697465,STS-001
297,JSCTaxonomy,http://learn.analytics.nasa.gov/JSCTaxonomy/data#OMII0IIN1908378475,STS-100
298,JSCTaxonomy,http://learn.analytics.nasa.gov/JSCTaxonomy/data#OMII0IIN1908378476,STS-101
299,JSCTaxonomy,http://learn.analytics.nasa.gov/JSCTaxonomy/data#OMII0IIN1908378473,STS-102
300,JSCTaxonomy,http://learn.analytics.nasa.gov/JSCTaxonomy/data#OMII0IIN1908378474,STS-103
301,JSCTaxonomy,http://learn.analytics.nasa.gov/JSCTaxonomy/data#OMII0IIN1908378479,STS-104
302,JSCTaxonomy,http://learn.analytics.nasa.gov/JSCTaxonomy/data#OMII0IIN1908378480,STS-105
303,JSCTaxonomy,http://learn.analytics.nasa.gov/JSCTaxonomy/data#OMII0IIN1908378477,STS-106
304,JSCTaxonomy,http://learn.analytics.nasa.gov/JSCTaxonomy/data#OMII0IIN1908378478,STS-107
305,JSCTaxonomy,http://learn.analytics.nasa.gov/JSCTaxonomy/data#OMII0IIN1908378467,STS-108
306,JSCTaxonomy,http://learn.analytics.nasa.gov/JSCTaxonomy/data#OMII0IIN1908378468,STS-109
307,JSCTaxonomy,http://learn.analytics.nasa.gov/JSCTaxonomy/data#OMII0IIN1907378478,STS-110
308,JSCTaxonomy,http://learn.analytics.nasa.gov/JSCTaxonomy/data#OMII0IIN1907378477,STS-111
309,JSCTaxonomy,http://learn.analytics.nasa.gov/JSCTaxonomy/data#OMII0IIN1907378480,STS-112
310,JSCTaxonomy,http://learn.analytics.nasa.gov/JSCTaxonomy/data#OMII0IIN1907378479,STS-113
311,JSCTaxonomy,http://learn.analytics.nasa.gov/JSCTaxonomy/data#OMII0IIN1907378474,STS-114
312,JSCTaxonomy,http://learn.analytics.nasa.gov/JSCTaxonomy/data#OMII0IIN1907378473,STS-115
313,JSCTaxonomy,http://learn.analytics.nasa.gov/JSCTaxonomy/data#OMII0IIN1907378476,STS-116
314,JSCTaxonomy,http://learn.analytics.nasa.gov/JSCTaxonomy/data#OMII0IIN1907378475,STS-117
315,JSCTaxonomy,http://learn.analytics.nasa.gov/JSCTaxonomy/data#OMII0IIN1907378470,STS-118
316,JSCTaxonomy,http://learn.analytics.nasa.gov/JSCTaxonomy/data#OMII0IIN1907378469,STS-119
317,JSCTaxonomy,http://learn.analytics.nasa.gov/JSCTaxonomy/data#OMII0IIN1910378453,STS-120
318,JSCTaxonomy,http://learn.analytics.nasa.gov/JSCTaxonomy/data#OMII0IIN1910378454,STS-121
319,JSCTaxonomy,http://learn.analytics.nasa.gov/JSCTaxonomy/data#OMII0IIN1910378455,STS-122
320,JSCTaxonomy,http://learn.analytics.nasa.gov/JSCTaxonomy/data#OMII0IIN1910378456,STS-123
321,JSCTaxonomy,http://learn.analytics.nasa.gov/JSCTaxonomy/data#OMII0IIN1910378449,STS-124
322,JSCTaxonomy,http://learn.analytics.nasa.gov/JSCTaxonomy/data#OMII0IIN1910378451,STS-126
323,JSCTaxonomy,http://learn.analytics.nasa.gov/JSCTaxonomy/data#OMII0IIN1674697468,STS-002
324,JSCTaxonomy,http://learn.analytics.nasa.gov/JSCTaxonomy/data#OMII0IIN257101453,STS-026
325,JSCTaxonomy,http://learn.analytics.nasa.gov/JSCTaxonomy/data#OMII0IIN257101454,STS-027
326,JSCTaxonomy,http://learn.analytics.nasa.gov/JSCTaxonomy/data#OMII0IIN257101443,STS-028
327,JSCTaxonomy,http://learn.analytics.nasa.gov/JSCTaxonomy/data#OMII0IIN257101444,STS-029
328,JSCTaxonomy,http://learn.analytics.nasa.gov/JSCTaxonomy/data#OMII0IIN1674697467,STS-003
329,JSCTaxonomy,http://learn.analytics.nasa.gov/JSCTaxonomy/data#OMII0IIN258101450,STS-030
330,JSCTaxonomy,http://learn.analytics.nasa.gov/JSCTaxonomy/data#OMII0IIN258101449,STS-031
331,JSCTaxonomy,http://learn.analytics.nasa.gov/JSCTaxonomy/data#OMII0IIN258101452,STS-032
332,JSCTaxonomy,http://learn.analytics.nasa.gov/JSCTaxonomy/data#OMII0IIN258101451,STS-033
333,JSCTaxonomy,http://learn.analytics.nasa.gov/JSCTaxonomy/data#OMII0IIN258101454,STS-034
334,JSCTaxonomy,http://learn.analytics.nasa.gov/JSCTaxonomy/data#OMII0IIN258101453,STS-035
335,JSCTaxonomy,http://learn.analytics.nasa.gov/JSCTaxonomy/data#OMII0IIN258101456,STS-036
336,JSCTaxonomy,http://learn.analytics.nasa.gov/JSCTaxonomy/data#OMII0IIN258101455,STS-037
337,JSCTaxonomy,http://learn.analytics.nasa.gov/JSCTaxonomy/data#OMII0IIN258101442,STS-038
338,JSCTaxonomy,http://learn.analytics.nasa.gov/JSCTaxonomy/data#OMII0IIN258101441,STS-039
339,JSCTaxonomy,http://learn.analytics.nasa.gov/JSCTaxonomy/data#OMII0IIN1674697470,STS-004
340,JSCTaxonomy,http://learn.analytics.nasa.gov/JSCTaxonomy/data#OMII0IIN251101469,STS-040
341,JSCTaxonomy,http://learn.analytics.nasa.gov/JSCTaxonomy/data#OMII0IIN251101470,STS-041
342,JSCTaxonomy,http://learn.analytics.nasa.gov/JSCTaxonomy/data#OMII0IIN1253310999,STS-041B
343,JSCTaxonomy,http://learn.analytics.nasa.gov/JSCTaxonomy/data#OMII0IIN1253311000,STS-041C
344,JSCTaxonomy,http://learn.analytics.nasa.gov/JSCTaxonomy/data#OMII0IIN1253310993,STS-041D
345,JSCTaxonomy,http://learn.analytics.nasa.gov/JSCTaxonomy/data#OMII0IIN1253310996,STS-041G
346,JSCTaxonomy,http://learn.analytics.nasa.gov/JSCTaxonomy/data#OMII0IIN251101471,STS-042
347,JSCTaxonomy,http://learn.analytics.nasa.gov/JSCTaxonomy/data#OMII0IIN251101472,STS-043
348,JSCTaxonomy,http://learn.analytics.nasa.gov/JSCTaxonomy/data#OMII0IIN251101465,STS-044
349,JSCTaxonomy,http://learn.analytics.nasa.gov/JSCTaxonomy/data#OMII0IIN251101466,STS-045
350,JSCTaxonomy,http://learn.analytics.nasa.gov/JSCTaxonomy/data#OMII0IIN251101467,STS-046
351,JSCTaxonomy,http://learn.analytics.nasa.gov/JSCTaxonomy/data#OMII0IIN251101468,STS-047
352,JSCTaxonomy,http://learn.analytics.nasa.gov/JSCTaxonomy/data#OMII0IIN251101461,STS-048
353,JSCTaxonomy,http://learn.analytics.nasa.gov/JSCTaxonomy/data#OMII0IIN251101462,STS-049
354,JSCTaxonomy,http://learn.analytics.nasa.gov/JSCTaxonomy/data#OMII0IIN1674697469,STS-005
355,JSCTaxonomy,http://learn.analytics.nasa.gov/JSCTaxonomy/data#OMII0IIN252101468,STS-050
356,JSCTaxonomy,http://learn.analytics.nasa.gov/JSCTaxonomy/data#OMII0IIN252101467,STS-051
357,JSCTaxonomy,http://learn.analytics.nasa.gov/JSCTaxonomy/data#OMII0IIN529931025,STS-051A
358,JSCTaxonomy,http://learn.analytics.nasa.gov/JSCTaxonomy/data#OMII0IIN529931028,STS-051B
359,JSCTaxonomy,http://learn.analytics.nasa.gov/JSCTaxonomy/data#OMII0IIN529931027,STS-051C
360,JSCTaxonomy,http://learn.analytics.nasa.gov/JSCTaxonomy/data#OMII0IIN529931030,STS-051D
362,JSCTaxonomy,http://learn.analytics.nasa.gov/JSCTaxonomy/data#OMII0IIN529931032,STS-051F
363,JSCTaxonomy,http://learn.analytics.nasa.gov/JSCTaxonomy/data#OMII0IIN529931031,STS-051G
364,JSCTaxonomy,http://learn.analytics.nasa.gov/JSCTaxonomy/data#OMII0IIN529931033,STS-051I
365,JSCTaxonomy,http://learn.analytics.nasa.gov/JSCTaxonomy/data#OMII0IIN529931036,STS-051J
366,JSCTaxonomy,http://learn.analytics.nasa.gov/JSCTaxonomy/data#OMII0IIN529931038,STS-051L
367,JSCTaxonomy,http://learn.analytics.nasa.gov/JSCTaxonomy/data#OMII0IIN252101466,STS-052
368,JSCTaxonomy,http://learn.analytics.nasa.gov/JSCTaxonomy/data#OMII0IIN252101465,STS-053
369,JSCTaxonomy,http://learn.analytics.nasa.gov/JSCTaxonomy/data#OMII0IIN252101472,STS-054
370,JSCTaxonomy,http://learn.analytics.nasa.gov/JSCTaxonomy/data#OMII0IIN252101471,STS-055
371,JSCTaxonomy,http://learn.analytics.nasa.gov/JSCTaxonomy/data#OMII0IIN252101470,STS-056
372,JSCTaxonomy,http://learn.analytics.nasa.gov/JSCTaxonomy/data#OMII0IIN252101469,STS-057
373,JSCTaxonomy,http://learn.analytics.nasa.gov/JSCTaxonomy/data#OMII0IIN252101460,STS-058
374,JSCTaxonomy,http://learn.analytics.nasa.gov/JSCTaxonomy/data#OMII0IIN252101459,STS-059
376,JSCTaxonomy,http://learn.analytics.nasa.gov/JSCTaxonomy/data#OMII0IIN253101447,STS-060
377,JSCTaxonomy,http://learn.analytics.nasa.gov/JSCTaxonomy/data#OMII0IIN253101448,STS-061
378,JSCTaxonomy,http://learn.analytics.nasa.gov/JSCTaxonomy/data#OMII0II221448892,STS-061A
379,JSCTaxonomy,http://learn.analytics.nasa.gov/JSCTaxonomy/data#OMII0II221448895,STS-061B
380,JSCTaxonomy,http://learn.analytics.nasa.gov/JSCTaxonomy/data#OMII0II221448894,STS-061C
381,JSCTaxonomy,http://learn.analytics.nasa.gov/JSCTaxonomy/data#OMII0IIN253101445,STS-062
382,JSCTaxonomy,http://learn.analytics.nasa.gov/JSCTaxonomy/data#OMII0IIN253101446,STS-063
383,JSCTaxonomy,http://learn.analytics.nasa.gov/JSCTaxonomy/data#OMII0IIN253101443,STS-064
384,JSCTaxonomy,http://learn.analytics.nasa.gov/JSCTaxonomy/data#OMII0IIN253101444,STS-065
385,JSCTaxonomy,http://learn.analytics.nasa.gov/JSCTaxonomy/data#OMII0IIN253101441,STS-066
386,JSCTaxonomy,http://learn.analytics.nasa.gov/JSCTaxonomy/data#OMII0IIN253101442,STS-067
387,JSCTaxonomy,http://learn.analytics.nasa.gov/JSCTaxonomy/data#OMII0IIN253101455,STS-068
388,JSCTaxonomy,http://learn.analytics.nasa.gov/JSCTaxonomy/data#OMII0IIN253101456,STS-069
389,JSCTaxonomy,http://learn.analytics.nasa.gov/JSCTaxonomy/data#OMII0IIN1674697471,STS-007
390,JSCTaxonomy,http://learn.analytics.nasa.gov/JSCTaxonomy/data#OMII0IIN254101446,STS-070
391,JSCTaxonomy,http://learn.analytics.nasa.gov/JSCTaxonomy/data#OMII0IIN254101445,STS-071
392,JSCTaxonomy,http://learn.analytics.nasa.gov/JSCTaxonomy/data#OMII0IIN254101448,STS-072
393,JSCTaxonomy,http://learn.analytics.nasa.gov/JSCTaxonomy/data#OMII0IIN254101447,STS-073
394,JSCTaxonomy,http://learn.analytics.nasa.gov/JSCTaxonomy/data#OMII0IIN254101442,STS-074
395,JSCTaxonomy,http://learn.analytics.nasa.gov/JSCTaxonomy/data#OMII0IIN254101441,STS-075
396,JSCTaxonomy,http://learn.analytics.nasa.gov/JSCTaxonomy/data#OMII0IIN254101444,STS-076
397,JSCTaxonomy,http://learn.analytics.nasa.gov/JSCTaxonomy/data#OMII0IIN254101443,STS-077
398,JSCTaxonomy,http://learn.analytics.nasa.gov/JSCTaxonomy/data#OMII0IIN254101454,STS-078
399,JSCTaxonomy,http://learn.analytics.nasa.gov/JSCTaxonomy/data#OMII0IIN254101453,STS-079
400,JSCTaxonomy,http://learn.analytics.nasa.gov/JSCTaxonomy/data#OMII0IIN1674697458,STS-008
401,JSCTaxonomy,http://learn.analytics.nasa.gov/JSCTaxonomy/data#OMII0IIN247101481,STS-080
402,JSCTaxonomy,http://learn.analytics.nasa.gov/JSCTaxonomy/data#OMII0IIN247101482,STS-081
403,JSCTaxonomy,http://learn.analytics.nasa.gov/JSCTaxonomy/data#OMII0IIN247101483,STS-082
404,JSCTaxonomy,http://learn.analytics.nasa.gov/JSCTaxonomy/data#OMII0IIN247101484,STS-083
405,JSCTaxonomy,http://learn.analytics.nasa.gov/JSCTaxonomy/data#OMII0IIN247101485,STS-084
406,JSCTaxonomy,http://learn.analytics.nasa.gov/JSCTaxonomy/data#OMII0IIN247101486,STS-085
407,JSCTaxonomy,http://learn.analytics.nasa.gov/JSCTaxonomy/data#OMII0IIN247101487,STS-086
408,JSCTaxonomy,http://learn.analytics.nasa.gov/JSCTaxonomy/data#OMII0IIN247101488,STS-087
409,JSCTaxonomy,http://learn.analytics.nasa.gov/JSCTaxonomy/data#OMII0IIN247101473,STS-088
410,JSCTaxonomy,http://learn.analytics.nasa.gov/JSCTaxonomy/data#OMII0IIN247101474,STS-089
411,JSCTaxonomy,http://learn.analytics.nasa.gov/JSCTaxonomy/data#OMII0IIN1674697457,STS-009
412,JSCTaxonomy,http://learn.analytics.nasa.gov/JSCTaxonomy/data#OMII0IIN248101464,STS-090
413,JSCTaxonomy,http://learn.analytics.nasa.gov/JSCTaxonomy/data#OMII0IIN248101463,STS-091
414,JSCTaxonomy,http://learn.analytics.nasa.gov/JSCTaxonomy/data#OMII0IIN248101462,STS-092
415,JSCTaxonomy,http://learn.analytics.nasa.gov/JSCTaxonomy/data#OMII0IIN248101461,STS-093
416,JSCTaxonomy,http://learn.analytics.nasa.gov/JSCTaxonomy/data#OMII0IIN248101460,STS-094
417,JSCTaxonomy,http://learn.analytics.nasa.gov/JSCTaxonomy/data#OMII0IIN248101459,STS-095
418,JSCTaxonomy,http://learn.analytics.nasa.gov/JSCTaxonomy/data#OMII0IIN248101458,STS-096
419,JSCTaxonomy,http://learn.analytics.nasa.gov/JSCTaxonomy/data#OMII0IIN248101457,STS-097
420,JSCTaxonomy,http://learn.analytics.nasa.gov/JSCTaxonomy/data#OMII0IIN248101472,STS-098
474,JSCTaxonomy,http://learn.analytics.nasa.gov/JSCTaxonomy/data#OMII0II1860702795,MS-DOS
559,JSCTaxonomy,http://learn.analytics.nasa.gov/JSCTaxonomy/data#OMII0IIN1298546194,OV-105
632,JSCTaxonomy,http://learn.analytics.nasa.gov/JSCTaxonomy/data#OMII0IIN1833215841,3D
643,JSCTaxonomy,http://learn.analytics.nasa.gov/JSCTaxonomy/data#OMII0II552440319,RSS
671,JSCTaxonomy,http://learn.analytics.nasa.gov/JSCTaxonomy/data#OMII0II312334991,FAQs
1285,JSCTaxonomy,http://learn.analytics.nasa.gov/JSCTaxonomy/data#OMII0IIN1910378450,STS-125
1378,JSCTaxonomy,http://learn.analytics.nasa.gov/JSCTaxonomy/data#OMII0II867806625D,NSI
1379,JSCTaxonomy,http://learn.analytics.nasa.gov/JSCTaxonomy/data#OMII0II867806636A,NSD
1380,JSCTaxonomy,http://learn.analytics.nasa.gov/JSCTaxonomy/data#OMII0II542639603,EBW
1644,JSCTaxonomy,http://learn.analytics.nasa.gov/JSCTaxonomy/data#OMII0IIN1427360213A,PIC
1647,JSCTaxonomy,http://learn.analytics.nasa.gov/JSCTaxonomy/data#OMII0IIN1431360225K,PEC
1661,JSCTaxonomy,http://learn.analytics.nasa.gov/JSCTaxonomy/data#OMII0IIN1738527343,GNC
1662,JSCTaxonomy,http://learn.analytics.nasa.gov/JSCTaxonomy/data#OMII0II1585362402,GN&C
1698,JSCTaxonomy,http://learn.analytics.nasa.gov/JSCTaxonomy/data#OMII0IIN578259448,DARS
1901,JSCTaxonomy,http://learn.analytics.nasa.gov/JSCTaxonomy/data#OMII0II443672222I,HD
1946,JSCTaxonomy,http://learn.analytics.nasa.gov/JSCTaxonomy/data#OMII0IIN1433360247H,PCS
1950,JSCTaxonomy,http://learn.analytics.nasa.gov/JSCTaxonomy/data#OMII0IIN1149326592,DDCU
1952,JSCTaxonomy,http://learn.analytics.nasa.gov/JSCTaxonomy/data#OMII0II106086093,TDRS-E
1953,JSCTaxonomy,http://learn.analytics.nasa.gov/JSCTaxonomy/data#OMII0IIN2039019268,DCDC
1964,JSCTaxonomy,http://learn.analytics.nasa.gov/JSCTaxonomy/data#OMII0II553440178A,RPC
1968,JSCTaxonomy,http://learn.analytics.nasa.gov/JSCTaxonomy/data#OMII0II941492506H,RPCM
2012,JSCTaxonomy,http://learn.analytics.nasa.gov/JSCTaxonomy/data#OMII0IIN1674697472,STS-006
2125,JSCTaxonomy,http://learn.analytics.nasa.gov/JSCTaxonomy/data#OMII0II1407539408,FTA
2127,JSCTaxonomy,http://learn.analytics.nasa.gov/JSCTaxonomy/data#OMII0IIN609825943,UUT
2145,JSCTaxonomy,http://learn.analytics.nasa.gov/JSCTaxonomy/data#OMII0IIN1674697472B,STS-6
2146,JSCTaxonomy,http://learn.analytics.nasa.gov/JSCTaxonomy/data#OMII0IIN1674697458B,STS-8
2215,JSCTaxonomy,http://learn.analytics.nasa.gov/JSCTaxonomy/data#OMII0II293515365,SLM-1
2301,JSCTaxonomy,http://learn.analytics.nasa.gov/JSCTaxonomy/data#OMII0IIN258101453I,STS-35
2302,JSCTaxonomy,http://learn.analytics.nasa.gov/JSCTaxonomy/data#OMII0IIN258101456D,STS-36
2303,JSCTaxonomy,http://learn.analytics.nasa.gov/JSCTaxonomy/data#OMII0IIN258101455I,STS-37
2304,JSCTaxonomy,http://learn.analytics.nasa.gov/JSCTaxonomy/data#OMII0IIN258101442H,STS-38
2305,JSCTaxonomy,http://learn.analytics.nasa.gov/JSCTaxonomy/data#OMII0IIN258101441C,STS-39
2306,JSCTaxonomy,http://learn.analytics.nasa.gov/JSCTaxonomy/data#OMII0IIN251101469H,STS-40
2307,JSCTaxonomy,http://learn.analytics.nasa.gov/JSCTaxonomy/data#OMII0IIN470299119,OVEI
2310,JSCTaxonomy,http://learn.analytics.nasa.gov/JSCTaxonomy/data#OMII0IIN251101466K,STS-45
2311,JSCTaxonomy,http://learn.analytics.nasa.gov/JSCTaxonomy/data#OMII0IIN251101468J,STS-47
2312,JSCTaxonomy,http://learn.analytics.nasa.gov/JSCTaxonomy/data#OMII0IIN251101461F,STS-48
2313,JSCTaxonomy,http://learn.analytics.nasa.gov/JSCTaxonomy/data#OMII0IIN252101467J,STS-51
2314,JSCTaxonomy,http://learn.analytics.nasa.gov/JSCTaxonomy/data#OMII0IIN529931025H,STS-51A
2315,JSCTaxonomy,http://learn.analytics.nasa.gov/JSCTaxonomy/data#OMII0IIN529931028I,STS-51B
2316,JSCTaxonomy,http://learn.analytics.nasa.gov/JSCTaxonomy/data#OMII0IIN529931027G,STS-51C
2317,JSCTaxonomy,http://learn.analytics.nasa.gov/JSCTaxonomy/data#OMII0IIN529931030B,STS-51D
2318,JSCTaxonomy,http://learn.analytics.nasa.gov/JSCTaxonomy/data#OMII0IIN529931032A,STS-51F
2319,JSCTaxonomy,http://learn.analytics.nasa.gov/JSCTaxonomy/data#OMII0IIN529931031G,STS-51G
2320,JSCTaxonomy,http://learn.analytics.nasa.gov/JSCTaxonomy/data#OMII0IIN529931033D,STS-51I
2322,JSCTaxonomy,http://learn.analytics.nasa.gov/JSCTaxonomy/data#OMII0IIN529931036H,STS-51J
2329,JSCTaxonomy,http://learn.analytics.nasa.gov/JSCTaxonomy/data#OMII0IIN252101466A,STS-52
2330,JSCTaxonomy,http://learn.analytics.nasa.gov/JSCTaxonomy/data#OMII0IIN252101465K,STS-53
2332,JSCTaxonomy,http://learn.analytics.nasa.gov/JSCTaxonomy/data#OMII0IIN252101472B,STS-54
2333,JSCTaxonomy,http://learn.analytics.nasa.gov/JSCTaxonomy/data#OMII0IIN252101471A,STS-55
2334,JSCTaxonomy,http://learn.analytics.nasa.gov/JSCTaxonomy/data#OMII0II941492482,RPCU
2353,JSCTaxonomy,http://learn.analytics.nasa.gov/JSCTaxonomy/data#OMII0II956017495,ESP-1
2355,JSCTaxonomy,http://learn.analytics.nasa.gov/JSCTaxonomy/data#OMII0II956017492,ESP-2
2372,JSCTaxonomy,http://learn.analytics.nasa.gov/JSCTaxonomy/data#OMII0IIN788226577,AS-204
2373,JSCTaxonomy,http://learn.analytics.nasa.gov/JSCTaxonomy/data#OMII0IIN788226578,AS-205
2374,JSCTaxonomy,http://learn.analytics.nasa.gov/JSCTaxonomy/data#OMII0II1375913335,AS-503
2375,JSCTaxonomy,http://learn.analytics.nasa.gov/JSCTaxonomy/data#OMII0II1375913328,AS-504
2376,JSCTaxonomy,http://learn.analytics.nasa.gov/JSCTaxonomy/data#OMII0II1375913333,AS-501
2377,JSCTaxonomy,http://learn.analytics.nasa.gov/JSCTaxonomy/data#OMII0II1375913334,AS-502
2415,JSCTaxonomy,http://learn.analytics.nasa.gov/JSCTaxonomy/data#OMII0IIN254101441D,STS-75
2427,JSCTaxonomy,http://learn.analytics.nasa.gov/JSCTaxonomy/data#OMII0IIN254101443A,STS-77
2433,JSCTaxonomy,http://learn.analytics.nasa.gov/JSCTaxonomy/data#OMII0IIN254101454F,STS-78
2439,JSCTaxonomy,http://learn.analytics.nasa.gov/JSCTaxonomy/data#OMII0IIN254101453F,STS-79
2441,JSCTaxonomy,http://learn.analytics.nasa.gov/JSCTaxonomy/data#OMII0IIN247101481G,STS-80
2444,JSCTaxonomy,http://learn.analytics.nasa.gov/JSCTaxonomy/data#OMII0IIN247101482F,STS-81
2447,JSCTaxonomy,http://learn.analytics.nasa.gov/JSCTaxonomy/data#OMII0IIN247101483E,STS-82
2448,JSCTaxonomy,http://learn.analytics.nasa.gov/JSCTaxonomy/data#OMII0IIN247101484C,STS-83
2457,JSCTaxonomy,http://learn.analytics.nasa.gov/JSCTaxonomy/data#OMII0IIN247101485K,STS-84
2467,JSCTaxonomy,http://learn.analytics.nasa.gov/JSCTaxonomy/data#OMII0IIN247101486H,STS-85
2468,JSCTaxonomy,http://learn.analytics.nasa.gov/JSCTaxonomy/data#OMII0IIN247101487C,STS-86
2469,JSCTaxonomy,http://learn.analytics.nasa.gov/JSCTaxonomy/data#OMII0IIN1414853667F,BA-1
2470,JSCTaxonomy,http://learn.analytics.nasa.gov/JSCTaxonomy/data#OMII0IIN788786322B,BJ-1
2473,JSCTaxonomy,http://learn.analytics.nasa.gov/JSCTaxonomy/data#OMII0IIN247101488G,STS-87
2493,JSCTaxonomy,http://learn.analytics.nasa.gov/JSCTaxonomy/data#OMII0IIN248101464C,STS-90
2535,JSCTaxonomy,http://learn.analytics.nasa.gov/JSCTaxonomy/data#OMII0II1722726613,TEC
2538,JSCTaxonomy,http://learn.analytics.nasa.gov/JSCTaxonomy/data#OMII0II517617596E,TB
2540,JSCTaxonomy,http://learn.analytics.nasa.gov/JSCTaxonomy/data#OMII0II1441160938,CTB
2590,JSCTaxonomy,http://learn.analytics.nasa.gov/JSCTaxonomy/data#OMII0II259273093D,IBM
2609,JSCTaxonomy,http://learn.analytics.nasa.gov/JSCTaxonomy/data#OMII0II1751347489C,SOMYK
2633,JSCTaxonomy,http://learn.analytics.nasa.gov/JSCTaxonomy/data#OMII0IIN1465160870,CLV
2687,JSCTaxonomy,http://learn.analytics.nasa.gov/JSCTaxonomy/data#OMII0IIN425728844,AA-1
2688,JSCTaxonomy,http://learn.analytics.nasa.gov/JSCTaxonomy/data#OMII0IIN425728841,AA-2
2689,JSCTaxonomy,http://learn.analytics.nasa.gov/JSCTaxonomy/data#OMII0IIN425728842,AA-3
2721,JSCTaxonomy,http://learn.analytics.nasa.gov/JSCTaxonomy/data#OMII0IIN1674697465G,STS-1
2723,JSCTaxonomy,http://learn.analytics.nasa.gov/JSCTaxonomy/data#OMII0IIN1674697468H,STS-2
2725,JSCTaxonomy,http://learn.analytics.nasa.gov/JSCTaxonomy/data#OMII0IIN1674697467J,STS-3
2727,JSCTaxonomy,http://learn.analytics.nasa.gov/JSCTaxonomy/data#OMII0IIN1674697470C,STS-4
2728,JSCTaxonomy,http://learn.analytics.nasa.gov/JSCTaxonomy/data#OMII0IIN1674697469G,STS-5
2731,JSCTaxonomy,http://learn.analytics.nasa.gov/JSCTaxonomy/data#OMII0IIN1674697457H,STS-9
2733,JSCTaxonomy,http://learn.analytics.nasa.gov/JSCTaxonomy/data#OMII0IIN257101453G,STS-26
2735,JSCTaxonomy,http://learn.analytics.nasa.gov/JSCTaxonomy/data#OMII0IIN257101454D,STS-27
2755,JSCTaxonomy,http://learn.analytics.nasa.gov/JSCTaxonomy/data#OMII0II1686167160,NASA-Mir
2768,JSCTaxonomy,http://learn.analytics.nasa.gov/JSCTaxonomy/data#OMII0II1695340907,SM4
2770,JSCTaxonomy,http://learn.analytics.nasa.gov/JSCTaxonomy/data#OMII0II2146207307,SM3B
2772,JSCTaxonomy,http://learn.analytics.nasa.gov/JSCTaxonomy/data#OMII0II2146207304,SM3A
2774,JSCTaxonomy,http://learn.analytics.nasa.gov/JSCTaxonomy/data#OMII0II1695340909,SM2
2776,JSCTaxonomy,http://learn.analytics.nasa.gov/JSCTaxonomy/data#OMII0IIN253101448D,STS-61
2777,JSCTaxonomy,http://learn.analytics.nasa.gov/JSCTaxonomy/data#OMII0II1695340910,SM1
2778,JSCTaxonomy,http://learn.analytics.nasa.gov/JSCTaxonomy/data#OMII0IIN1674697471A,STS-7
2779,JSCTaxonomy,http://learn.analytics.nasa.gov/JSCTaxonomy/data#OMII0IIN257101443C,STS-28
2780,JSCTaxonomy,http://learn.analytics.nasa.gov/JSCTaxonomy/data#OMII0IIN257101444K,STS-29
2781,JSCTaxonomy,http://learn.analytics.nasa.gov/JSCTaxonomy/data#OMII0IIN258101450F,STS-30
2783,JSCTaxonomy,http://learn.analytics.nasa.gov/JSCTaxonomy/data#OMII0IIN258101449B,STS-31
2786,JSCTaxonomy,http://learn.analytics.nasa.gov/JSCTaxonomy/data#OMII0IIN258101451K,STS-33
2788,JSCTaxonomy,http://learn.analytics.nasa.gov/JSCTaxonomy/data#OMII0IIN258101454F,STS-34
2803,JSCTaxonomy,http://learn.analytics.nasa.gov/JSCTaxonomy/data#OMII0IIN251101470C,STS-41
2804,JSCTaxonomy,http://learn.analytics.nasa.gov/JSCTaxonomy/data#OMII0IIN1253310999E,STS-41B
2805,JSCTaxonomy,http://learn.analytics.nasa.gov/JSCTaxonomy/data#OMII0IIN1253311000A,STS-41C
2806,JSCTaxonomy,http://learn.analytics.nasa.gov/JSCTaxonomy/data#OMII0IIN1253310993H,STS-41D
2807,JSCTaxonomy,http://learn.analytics.nasa.gov/JSCTaxonomy/data#OMII0IIN1253310996C,STS-41G
2808,JSCTaxonomy,http://learn.analytics.nasa.gov/JSCTaxonomy/data#OMII0IIN251101471C,STS-42
2809,JSCTaxonomy,http://learn.analytics.nasa.gov/JSCTaxonomy/data#OMII0IIN251101472D,STS-43
2810,JSCTaxonomy,http://learn.analytics.nasa.gov/JSCTaxonomy/data#OMII0IIN251101465I,STS-44
2814,JSCTaxonomy,http://learn.analytics.nasa.gov/JSCTaxonomy/data#OMII0IIN251101467A,STS-46
2820,JSCTaxonomy,http://learn.analytics.nasa.gov/JSCTaxonomy/data#OMII0IIN251101462K,STS-49
2821,JSCTaxonomy,http://learn.analytics.nasa.gov/JSCTaxonomy/data#OMII0IIN252101468A,STS-50
2845,JSCTaxonomy,http://learn.analytics.nasa.gov/JSCTaxonomy/data#OMII0IIN529931038A,STS-51L
2873,JSCTaxonomy,http://learn.analytics.nasa.gov/JSCTaxonomy/data#OMII0IIN252101470K,STS-56
2874,JSCTaxonomy,http://learn.analytics.nasa.gov/JSCTaxonomy/data#OMII0IIN252101469J,STS-57
2875,JSCTaxonomy,http://learn.analytics.nasa.gov/JSCTaxonomy/data#OMII0IIN252101460C,STS-58
2876,JSCTaxonomy,http://learn.analytics.nasa.gov/JSCTaxonomy/data#OMII0IIN252101459J,STS-59
2877,JSCTaxonomy,http://learn.analytics.nasa.gov/JSCTaxonomy/data#OMII0IIN253101447B,STS-60
2878,JSCTaxonomy,http://learn.analytics.nasa.gov/JSCTaxonomy/data#OMII0II221448892J,STS-61A
2879,JSCTaxonomy,http://learn.analytics.nasa.gov/JSCTaxonomy/data#OMII0II221448895J,STS-61B
2880,JSCTaxonomy,http://learn.analytics.nasa.gov/JSCTaxonomy/data#OMII0II221448894H,STS-61C
2881,JSCTaxonomy,http://learn.analytics.nasa.gov/JSCTaxonomy/data#OMII0IIN253101445H,STS-62
2882,JSCTaxonomy,http://learn.analytics.nasa.gov/JSCTaxonomy/data#OMII0IIN253101446A,STS-63
2883,JSCTaxonomy,http://learn.analytics.nasa.gov/JSCTaxonomy/data#OMII0IIN253101443E,STS-64
2884,JSCTaxonomy,http://learn.analytics.nasa.gov/JSCTaxonomy/data#OMII0IIN253101444J,STS-65
2885,JSCTaxonomy,http://learn.analytics.nasa.gov/JSCTaxonomy/data#OMII0IIN253101441A,STS-66
2886,JSCTaxonomy,http://learn.analytics.nasa.gov/JSCTaxonomy/data#OMII0IIN253101442K,STS-67
2887,JSCTaxonomy,http://learn.analytics.nasa.gov/JSCTaxonomy/data#OMII0IIN253101455J,STS-68
2888,JSCTaxonomy,http://learn.analytics.nasa.gov/JSCTaxonomy/data#OMII0IIN253101456A,STS-69
2889,JSCTaxonomy,http://learn.analytics.nasa.gov/JSCTaxonomy/data#OMII0IIN254101446E,STS-70
2890,JSCTaxonomy,http://learn.analytics.nasa.gov/JSCTaxonomy/data#OMII0IIN254101445B,STS-71
2891,JSCTaxonomy,http://learn.analytics.nasa.gov/JSCTaxonomy/data#OMII0IIN254101448A,STS-72
2892,JSCTaxonomy,http://learn.analytics.nasa.gov/JSCTaxonomy/data#OMII0IIN254101447E,STS-73
2893,JSCTaxonomy,http://learn.analytics.nasa.gov/JSCTaxonomy/data#OMII0IIN254101442J,STS-74
2897,JSCTaxonomy,http://learn.analytics.nasa.gov/JSCTaxonomy/data#OMII0IIN254101444G,STS-76
2929,JSCTaxonomy,http://learn.analytics.nasa.gov/JSCTaxonomy/data#OMII0IIN247101473E,STS-88
2931,JSCTaxonomy,http://learn.analytics.nasa.gov/JSCTaxonomy/data#OMII0IIN247101474F,STS-89
2934,JSCTaxonomy,http://learn.analytics.nasa.gov/JSCTaxonomy/data#OMII0IIN248101463J,STS-91
2935,JSCTaxonomy,http://learn.analytics.nasa.gov/JSCTaxonomy/data#OMII0IIN248101462E,STS-92
2936,JSCTaxonomy,http://learn.analytics.nasa.gov/JSCTaxonomy/data#OMII0IIN248101461K,STS-93
2937,JSCTaxonomy,http://learn.analytics.nasa.gov/JSCTaxonomy/data#OMII0IIN248101460I,STS-94
2938,JSCTaxonomy,http://learn.analytics.nasa.gov/JSCTaxonomy/data#OMII0IIN248101459C,STS-95
2939,JSCTaxonomy,http://learn.analytics.nasa.gov/JSCTaxonomy/data#OMII0IIN248101458D,STS-96
2940,JSCTaxonomy,http://learn.analytics.nasa.gov/JSCTaxonomy/data#OMII0IIN248101457D,STS-97
2941,JSCTaxonomy,http://learn.analytics.nasa.gov/JSCTaxonomy/data#OMII0IIN248101472B,STS-98
2942,JSCTaxonomy,http://learn.analytics.nasa.gov/JSCTaxonomy/data#OMII0IIN248101471G,STS-99
3497,JSCTaxonomy,http://learn.analytics.nasa.gov/JSCTaxonomy/data#OMII0II1601340556,S/M
3519,JSCTaxonomy,http://learn.analytics.nasa.gov/JSCTaxonomy/data#OMII0II293515366,SLM-2
3530,JSCTaxonomy,http://learn.analytics.nasa.gov/JSCTaxonomy/data#OMII0II293515367,SLM-3
3546,JSCTaxonomy,http://learn.analytics.nasa.gov/JSCTaxonomy/data#OMII0IIN52728905,SA-500-F
3582,JSCTaxonomy,http://learn.analytics.nasa.gov/JSCTaxonomy/data#OMII0IIN56533073,NASA-1
3583,JSCTaxonomy,http://learn.analytics.nasa.gov/JSCTaxonomy/data#OMII0IIN56533076,NASA-2
3584,JSCTaxonomy,http://learn.analytics.nasa.gov/JSCTaxonomy/data#OMII0IIN56533075,NASA-3
3585,JSCTaxonomy,http://learn.analytics.nasa.gov/JSCTaxonomy/data#OMII0IIN56533078,NASA-4
3587,JSCTaxonomy,http://learn.analytics.nasa.gov/JSCTaxonomy/data#OMII0IIN56533077,NASA-5
3588,JSCTaxonomy,http://learn.analytics.nasa.gov/JSCTaxonomy/data#OMII0IIN56533080,NASA-6
3974,JSCTaxonomy,http://learn.analytics.nasa.gov/JSCTaxonomy/data#OMII0II492969156A,P6
4273,JSCTaxonomy,http://learn.analytics.nasa.gov/JSCTaxonomy/data#OMII0IIN917417634,2R/1S
4949,JSCTaxonomy,http://learn.analytics.nasa.gov/JSCTaxonomy/data#OMII0IIN1717726480,TBI
5458,JSCTaxonomy,http://learn.analytics.nasa.gov/JSCTaxonomy/data#OMII0II956017493,ESP-3
5578,JSCTaxonomy,http://learn.analytics.nasa.gov/JSCTaxonomy/data#OMII0IIN793312707H,SA-6
5580,JSCTaxonomy,http://learn.analytics.nasa.gov/JSCTaxonomy/data#OMII0IIN793312717I,SA-8
5581,JSCTaxonomy,http://learn.analytics.nasa.gov/JSCTaxonomy/data#OMII0IIN793312718I,SA-9
6025,JSCTaxonomy,http://learn.analytics.nasa.gov/JSCTaxonomy/data#OMII0IIN903277545,MySQL
6033,JSCTaxonomy,http://learn.analytics.nasa.gov/JSCTaxonomy/data#OMII0II206713678,APP1
6200,JSCTaxonomy,http://learn.analytics.nasa.gov/JSCTaxonomy/data#OMII0II1818023621,STS-51-A
6202,JSCTaxonomy,http://learn.analytics.nasa.gov/JSCTaxonomy/data#OMII0II1818023622,STS-51-B
6204,JSCTaxonomy,http://learn.analytics.nasa.gov/JSCTaxonomy/data#OMII0II1818023623,STS-51-C
6206,JSCTaxonomy,http://learn.analytics.nasa.gov/JSCTaxonomy/data#OMII0II1818023616,STS-51-D
6208,JSCTaxonomy,http://learn.analytics.nasa.gov/JSCTaxonomy/data#OMII0II1818023618,STS-51-F
6210,JSCTaxonomy,http://learn.analytics.nasa.gov/JSCTaxonomy/data#OMII0II1818023619,STS-51-G
6212,JSCTaxonomy,http://learn.analytics.nasa.gov/JSCTaxonomy/data#OMII0II1818023629,STS-51-I
6214,JSCTaxonomy,http://learn.analytics.nasa.gov/JSCTaxonomy/data#OMII0II1818023630,STS-51-J
6216,JSCTaxonomy,http://learn.analytics.nasa.gov/JSCTaxonomy/data#OMII0II1818023624,STS-51-L
6218,JSCTaxonomy,http://learn.analytics.nasa.gov/JSCTaxonomy/data#OMII0II1069564940,STS-61-A
6221,JSCTaxonomy,http://learn.analytics.nasa.gov/JSCTaxonomy/data#OMII0II1069564943,STS-61-B
6290,JSCTaxonomy,http://learn.analytics.nasa.gov/JSCTaxonomy/data#OMII0IIN564231467,TMA-13
6970,JSCTaxonomy,http://learn.analytics.nasa.gov/JSCTaxonomy/data#OMII0II761153472,DC/DC
6995,JSCTaxonomy,http://learn.analytics.nasa.gov/JSCTaxonomy/data#OMII0II1952066110,CM-002B
7052,JSCTaxonomy,http://learn.analytics.nasa.gov/JSCTaxonomy/data#OMII0II584209659,SC-105
7053,JSCTaxonomy,http://learn.analytics.nasa.gov/JSCTaxonomy/data#OMII0II107684721,S/C-105
7200,JSCTaxonomy,http://learn.analytics.nasa.gov/JSCTaxonomy/data#OMII0II1375913331,AS-507
7201,JSCTaxonomy,http://learn.analytics.nasa.gov/JSCTaxonomy/data#OMII0II1375913340,AS-508
7336,JSCTaxonomy,http://learn.analytics.nasa.gov/JSCTaxonomy/data#OMII0II272615127,IPSWITCH
7340,JSCTaxonomy,http://learn.analytics.nasa.gov/JSCTaxonomy/data#OMII0IIN420029239,WS-FTP
7593,JSCTaxonomy,http://learn.analytics.nasa.gov/JSCTaxonomy/data#OMII0IIN1910378452,STS-127
7648,JSCTaxonomy,http://learn.analytics.nasa.gov/JSCTaxonomy/data#OMII0IIN1910378461,STS-128
7649,JSCTaxonomy,http://learn.analytics.nasa.gov/JSCTaxonomy/data#OMII0IIN1910378462,STS-129
7650,JSCTaxonomy,http://learn.analytics.nasa.gov/JSCTaxonomy/data#OMII0IIN1909378456,STS-130
7651,JSCTaxonomy,http://learn.analytics.nasa.gov/JSCTaxonomy/data#OMII0IIN1909378455,STS-131
7781,JSCTaxonomy,http://learn.analytics.nasa.gov/JSCTaxonomy/data#OMII0II719198617,AP-101B
7782,JSCTaxonomy,http://learn.analytics.nasa.gov/JSCTaxonomy/data#OMII0II719198600,AP-101S
8584,JSCTaxonomy,http://learn.analytics.nasa.gov/JSCTaxonomy/data#OMII0II1307813936,ICI-118587
8609,JSCTaxonomy,http://learn.analytics.nasa.gov/JSCTaxonomy/data#OMII0IIN433926250,CP-556S
8627,JSCTaxonomy,http://learn.analytics.nasa.gov/JSCTaxonomy/data#OMII0IIN251572754,AY-20694
9826,JSCTaxonomy,http://learn.analytics.nasa.gov/JSCTaxonomy/data#OMII0IIN1909378454,STS-132
9827,JSCTaxonomy,http://learn.analytics.nasa.gov/JSCTaxonomy/data#OMII0IIN1909378453,STS-133
9828,JSCTaxonomy,http://learn.analytics.nasa.gov/JSCTaxonomy/data#OMII0IIN1909378452,STS-134
9953,JSCTaxonomy,http://learn.analytics.nasa.gov/JSCTaxonomy/data#OMII0IIN258101452D,STS-32
10174,JSCTaxonomy,http://learn.analytics.nasa.gov/JSCTaxonomy/data#1909378451,STS-135
10579,JSCTaxonomy,http://learn.analytics.nasa.gov/JSCTaxonomy/data#1525401758,KMnO4
11414,JSCTaxonomy,http://learn.analytics.nasa.gov/JSCTaxonomy/data#OMII0II2059206927,SMDC
11418,JSCTaxonomy,http://learn.analytics.nasa.gov/JSCTaxonomy/data#OMII0II1776095010G,FCDC
11444,JSCTaxonomy,http://learn.analytics.nasa.gov/JSCTaxonomy/data#OMII0II431347997K,FM
11445,JSCTaxonomy,http://learn.analytics.nasa.gov/JSCTaxonomy/data#OMII0II505293362B,RF
11451,JSCTaxonomy,http://learn.analytics.nasa.gov/JSCTaxonomy/data#OMII0II444702076,WLAN
11468,JSCTaxonomy,http://learn.analytics.nasa.gov/JSCTaxonomy/data#OMII0II1136993718,LPU
11608,JSCTaxonomy,http://learn.analytics.nasa.gov/JSCTaxonomy/data#OMII0II1717726470,TBC
11616,JSCTaxonomy,http://learn.analytics.nasa.gov/JSCTaxonomy/data#OMII0II91361025,WRFID
11620,JSCTaxonomy,http://learn.analytics.nasa.gov/JSCTaxonomy/data#OMII0II1406360457,BE2ST
11622,JSCTaxonomy,http://learn.analytics.nasa.gov/JSCTaxonomy/data#OMII0II1674019701,6DOF
11900,JSCTaxonomy,http://learn.analytics.nasa.gov/JSCTaxonomy/data#OMII0II1999442624,JAEL
11933,JSCTaxonomy,http://learn.analytics.nasa.gov/JSCTaxonomy/data#OMII0II2041894636B,SCTF
12005,JSCTaxonomy,http://learn.analytics.nasa.gov/JSCTaxonomy/data#OMII0II604825895,UPW
12021,JSCTaxonomy,http://learn.analytics.nasa.gov/JSCTaxonomy/data#OMII0II1333657564,NAVSTAR
12170,JSCTaxonomy,http://learn.analytics.nasa.gov/JSCTaxonomy/data#OMII0II1119172903A,JSC
12982,JSCTaxonomy,http://learn.analytics.nasa.gov/JSCTaxonomy/data#OMII0II1317040956,BITS
13000,JSCTaxonomy,http://learn.analytics.nasa.gov/JSCTaxonomy/data#OMII0II430074277,VPP
13115,JSCTaxonomy,http://learn.analytics.nasa.gov/JSCTaxonomy/data#OMII0II1120173029E,JPL
13238,JSCTaxonomy,http://learn.analytics.nasa.gov/JSCTaxonomy/data#OMII0II1466161022,CMM
13240,JSCTaxonomy,http://learn.analytics.nasa.gov/JSCTaxonomy/data#OMII0II540639599,EDM
13257,JSCTaxonomy,http://learn.analytics.nasa.gov/JSCTaxonomy/data#OMII0II243273165,IRU
13304,JSCTaxonomy,http://learn.analytics.nasa.gov/JSCTaxonomy/data#OMII0II549440161G,RTD
13398,JSCTaxonomy,http://learn.analytics.nasa.gov/JSCTaxonomy/data#OMII0II492969137D,PC
13404,JSCTaxonomy,http://learn.analytics.nasa.gov/JSCTaxonomy/data#OMII0II1432360098,PDA
13792,JSCTaxonomy,http://learn.analytics.nasa.gov/JSCTaxonomy/data#OMII0II662759619,SIIL
13823,JSCTaxonomy,http://learn.analytics.nasa.gov/JSCTaxonomy/data#OMII0II856806732G,NDE
14025,JSCTaxonomy,http://learn.analytics.nasa.gov/JSCTaxonomy/data#OMII0II1101984149,TDRS-C/IUS
14026,JSCTaxonomy,http://learn.analytics.nasa.gov/JSCTaxonomy/data#OMII0II106086091G,TDRS-C
14029,JSCTaxonomy,http://learn.analytics.nasa.gov/JSCTaxonomy/data#OMII0II330108818,OASIS-1
14031,JSCTaxonomy,http://learn.analytics.nasa.gov/JSCTaxonomy/data#OMII0II1372044033,OASIS-01
14043,JSCTaxonomy,http://learn.analytics.nasa.gov/JSCTaxonomy/data#OMII0II557313800,TDRS-D/IUS
14044,JSCTaxonomy,http://learn.analytics.nasa.gov/JSCTaxonomy/data#OMII0II106086092,TDRS-D
14185,JSCTaxonomy,http://learn.analytics.nasa.gov/JSCTaxonomy/data#OMII0II1482802917,RME-III
14258,JSCTaxonomy,http://learn.analytics.nasa.gov/JSCTaxonomy/data#OMII0II1777980408,CLOUDS-1A
14260,JSCTaxonomy,http://learn.analytics.nasa.gov/JSCTaxonomy/data#OMII0II1583003021,CLOUDS-01A
14475,JSCTaxonomy,http://learn.analytics.nasa.gov/JSCTaxonomy/data#OMII0II886718213,AEDC
14488,JSCTaxonomy,http://learn.analytics.nasa.gov/JSCTaxonomy/data#OMII0II1444160818,CSC
14495,JSCTaxonomy,http://learn.analytics.nasa.gov/JSCTaxonomy/data#OMII0II1331459878,EASI
14520,JSCTaxonomy,http://learn.analytics.nasa.gov/JSCTaxonomy/data#OMII0II814308731,METECS
15158,JSCTaxonomy,http://learn.analytics.nasa.gov/JSCTaxonomy/data#OMII0II1113448169,ANIK-C/PAM-D
15170,JSCTaxonomy,http://learn.analytics.nasa.gov/JSCTaxonomy/data#OMII0II604580145,TDRS-A/IUS
15189,JSCTaxonomy,http://learn.analytics.nasa.gov/JSCTaxonomy/data#OMII0II957724435I,OSTA-1
15190,JSCTaxonomy,http://learn.analytics.nasa.gov/JSCTaxonomy/data#OMII0II957724432,OSTA-2
15335,JSCTaxonomy,http://learn.analytics.nasa.gov/JSCTaxonomy/data#OMII0II957724433,OSTA-3
15463,JSCTaxonomy,http://learn.analytics.nasa.gov/JSCTaxonomy/data#OMII0II1153957141,ROSKOSMOS
15470,JSCTaxonomy,http://learn.analytics.nasa.gov/JSCTaxonomy/data#OMII0II1896328050,D2/PAM-D
15471,JSCTaxonomy,http://learn.analytics.nasa.gov/JSCTaxonomy/data#OMII0II1187971105,ANIK-D2/PAM-D
15499,JSCTaxonomy,http://learn.analytics.nasa.gov/JSCTaxonomy/data#OMII0II1664949105,ANIK-C
15501,JSCTaxonomy,http://learn.analytics.nasa.gov/JSCTaxonomy/data#OMII0II1438618337,ANIK-D2
15573,JSCTaxonomy,http://learn.analytics.nasa.gov/JSCTaxonomy/data#OMII0II1433920833,ARABSAT-A
15579,JSCTaxonomy,http://learn.analytics.nasa.gov/JSCTaxonomy/data#OMII0II762146524,MORELOS-A
15599,JSCTaxonomy,http://learn.analytics.nasa.gov/JSCTaxonomy/data#OMII0II929320894,ERNO
15638,JSCTaxonomy,http://learn.analytics.nasa.gov/JSCTaxonomy/data#OMII0II412451876,CRNE
15656,JSCTaxonomy,http://learn.analytics.nasa.gov/JSCTaxonomy/data#OMII0II1940582674,ASC-1/PAM-D
15659,JSCTaxonomy,http://learn.analytics.nasa.gov/JSCTaxonomy/data#OMII0II1458467432,ASC-1
15661,JSCTaxonomy,http://learn.analytics.nasa.gov/JSCTaxonomy/data#OMII0II1930223903,AUSSAT-1
15692,JSCTaxonomy,http://learn.analytics.nasa.gov/JSCTaxonomy/data#OMII0II762146527,MORELOS-B
15696,JSCTaxonomy,http://learn.analytics.nasa.gov/JSCTaxonomy/data#OMII0II1930223902,AUSSAT-2
15725,JSCTaxonomy,http://learn.analytics.nasa.gov/JSCTaxonomy/data#OMII0II1830823873,SATCOM-02
15786,JSCTaxonomy,http://learn.analytics.nasa.gov/JSCTaxonomy/data#OMII0II106086089,TDRS-A
15787,JSCTaxonomy,http://learn.analytics.nasa.gov/JSCTaxonomy/data#OMII0II631756194,TDRS-B/IUS
15788,JSCTaxonomy,http://learn.analytics.nasa.gov/JSCTaxonomy/data#OMII0II106086090,TDRS-B
16102,JSCTaxonomy,http://learn.analytics.nasa.gov/JSCTaxonomy/data#OMII0II1939834329,TDRS/IUS
16103,JSCTaxonomy,http://learn.analytics.nasa.gov/JSCTaxonomy/data#OMII0II1537726227,TDRS-E/IUS
16133,JSCTaxonomy,http://learn.analytics.nasa.gov/JSCTaxonomy/data#OMII0II207487866,WINDII
16297,JSCTaxonomy,http://learn.analytics.nasa.gov/JSCTaxonomy/data#OMII0II1383379889,SJAC
16322,JSCTaxonomy,http://learn.analytics.nasa.gov/JSCTaxonomy/data#OMII0II1986565105,GRILLE
16436,JSCTaxonomy,http://learn.analytics.nasa.gov/JSCTaxonomy/data#OMII0II825832264,TSS-01
16606,JSCTaxonomy,http://learn.analytics.nasa.gov/JSCTaxonomy/data#OMII0II417239145,LAGEOS-II
16630,JSCTaxonomy,http://learn.analytics.nasa.gov/JSCTaxonomy/data#OMII0II290449163,SPEAM-02
16673,JSCTaxonomy,http://learn.analytics.nasa.gov/JSCTaxonomy/data#OMII0II106086094,TDRS-F/IUS
16674,JSCTaxonomy,http://learn.analytics.nasa.gov/JSCTaxonomy/data#OMII0II106086094I,TDRS-F
16880,JSCTaxonomy,http://learn.analytics.nasa.gov/JSCTaxonomy/data#OMII0II1903851479,SPACEHAB-1
17005,JSCTaxonomy,http://learn.analytics.nasa.gov/JSCTaxonomy/data#OMII0II324102783,OREFUS/SPAS
17055,JSCTaxonomy,http://learn.analytics.nasa.gov/JSCTaxonomy/data#OMII0II255101442,STS-01
17061,JSCTaxonomy,http://learn.analytics.nasa.gov/JSCTaxonomy/data#OMII0II255101443,STS-02
17065,JSCTaxonomy,http://learn.analytics.nasa.gov/JSCTaxonomy/data#OMII0II255101444,STS-03
17068,JSCTaxonomy,http://learn.analytics.nasa.gov/JSCTaxonomy/data#OMII0II255101445,STS-04
17072,JSCTaxonomy,http://learn.analytics.nasa.gov/JSCTaxonomy/data#OMII0II255101446,STS-05
17076,JSCTaxonomy,http://learn.analytics.nasa.gov/JSCTaxonomy/data#OMII0II255101447,STS-06
17081,JSCTaxonomy,http://learn.analytics.nasa.gov/JSCTaxonomy/data#OMII0II255101448,STS-07
17084,JSCTaxonomy,http://learn.analytics.nasa.gov/JSCTaxonomy/data#OMII0II255101449,STS-08
17088,JSCTaxonomy,http://learn.analytics.nasa.gov/JSCTaxonomy/data#OMII0II255101450,STS-09
17367,JSCTaxonomy,http://learn.analytics.nasa.gov/JSCTaxonomy/data#OMII0II1298546198,OV-101
17620,JSCTaxonomy,http://learn.analytics.nasa.gov/JSCTaxonomy/data#OMII0II240610631,ATS-1
17621,JSCTaxonomy,http://learn.analytics.nasa.gov/JSCTaxonomy/data#OMII0II240610630,ATS-2
17622,JSCTaxonomy,http://learn.analytics.nasa.gov/JSCTaxonomy/data#OMII0II240610629,ATS-3
17714,JSCTaxonomy,http://learn.analytics.nasa.gov/JSCTaxonomy/data#OMII0II1121835280,GOES-G
17721,JSCTaxonomy,http://learn.analytics.nasa.gov/JSCTaxonomy/data#OMII0II1126835414,GOES-N
17722,JSCTaxonomy,http://learn.analytics.nasa.gov/JSCTaxonomy/data#OMII0II1121835272,GOES-O
17723,JSCTaxonomy,http://learn.analytics.nasa.gov/JSCTaxonomy/data#OMII0II1121835289,GOES-P
17724,JSCTaxonomy,http://learn.analytics.nasa.gov/JSCTaxonomy/data#OMII0II1121835291,GOES-R
17752,JSCTaxonomy,http://learn.analytics.nasa.gov/JSCTaxonomy/data#OMII0II668324906,ICESAT-2
17753,JSCTaxonomy,http://learn.analytics.nasa.gov/JSCTaxonomy/data#OMII0II1391176635,ICESAT
17810,JSCTaxonomy,http://learn.analytics.nasa.gov/JSCTaxonomy/data#OMII0II294463466,ASPERA-3
17846,JSCTaxonomy,http://learn.analytics.nasa.gov/JSCTaxonomy/data#OMII0II841828678,OSTM/Jason-2
18064,JSCTaxonomy,http://learn.analytics.nasa.gov/JSCTaxonomy/data#OMII0II1242374538,TOMEX
18147,JSCTaxonomy,http://learn.analytics.nasa.gov/JSCTaxonomy/data#OMII0II1432184914,ARCTIC-1
18148,JSCTaxonomy,http://learn.analytics.nasa.gov/JSCTaxonomy/data#OMII0II1403896865,ARCTIC-2
18156,JSCTaxonomy,http://learn.analytics.nasa.gov/JSCTaxonomy/data#OMII0II1038048256,BRIC-Opti
18676,JSCTaxonomy,http://learn.analytics.nasa.gov/JSCTaxonomy/data#OMII0II729389424,PRO-net
18826,JSCTaxonomy,http://learn.analytics.nasa.gov/JSCTaxonomy/data#OMII0II36045926,KREEP
18847,JSCTaxonomy,http://learn.analytics.nasa.gov/JSCTaxonomy/data#OMII0II1903851476F,SPACEHAB-2
19195,JSCTaxonomy,http://learn.analytics.nasa.gov/JSCTaxonomy/data#OMII0II134569221,HTV-1
19196,JSCTaxonomy,http://learn.analytics.nasa.gov/JSCTaxonomy/data#OMII0II134569222,HTV-2
19197,JSCTaxonomy,http://learn.analytics.nasa.gov/JSCTaxonomy/data#OMII0II134569223,HTV-3
19198,JSCTaxonomy,http://learn.analytics.nasa.gov/JSCTaxonomy/data#OMII0II134569216,HTV-4
19199,JSCTaxonomy,http://learn.analytics.nasa.gov/JSCTaxonomy/data#OMII0II134569217,HTV-5
19200,JSCTaxonomy,http://learn.analytics.nasa.gov/JSCTaxonomy/data#OMII0II134569218,HTV-6
19201,JSCTaxonomy,http://learn.analytics.nasa.gov/JSCTaxonomy/data#OMII0II134569219,HTV-7
19218,JSCTaxonomy,http://learn.analytics.nasa.gov/JSCTaxonomy/data#OMII0II293515360,SLM-4
19277,JSCTaxonomy,http://learn.analytics.nasa.gov/JSCTaxonomy/data#OMII0II1654331287,ISS-1P
19278,JSCTaxonomy,http://learn.analytics.nasa.gov/JSCTaxonomy/data#OMII0II1653331244,ISS-2P
19279,JSCTaxonomy,http://learn.analytics.nasa.gov/JSCTaxonomy/data#OMII0II1652331373,ISS-3P
19280,JSCTaxonomy,http://learn.analytics.nasa.gov/JSCTaxonomy/data#OMII0II1659331418,ISS-4P
19281,JSCTaxonomy,http://learn.analytics.nasa.gov/JSCTaxonomy/data#OMII0II1658331291,ISS-5P
19282,JSCTaxonomy,http://learn.analytics.nasa.gov/JSCTaxonomy/data#OMII0II1657331424,ISS-6P
19283,JSCTaxonomy,http://learn.analytics.nasa.gov/JSCTaxonomy/data#OMII0II1656331281,ISS-7P
19284,JSCTaxonomy,http://learn.analytics.nasa.gov/JSCTaxonomy/data#OMII0II1647331262,ISS-8P
19285,JSCTaxonomy,http://learn.analytics.nasa.gov/JSCTaxonomy/data#OMII0II1646331391,ISS-9P
19286,JSCTaxonomy,http://learn.analytics.nasa.gov/JSCTaxonomy/data#OMII0II836920902,ISS-10P
19287,JSCTaxonomy,http://learn.analytics.nasa.gov/JSCTaxonomy/data#OMII0II837920771,ISS-11P
19288,JSCTaxonomy,http://learn.analytics.nasa.gov/JSCTaxonomy/data#OMII0II838920912,ISS-12P
19289,JSCTaxonomy,http://learn.analytics.nasa.gov/JSCTaxonomy/data#OMII0II839920781,ISS-13P
19290,JSCTaxonomy,http://learn.analytics.nasa.gov/JSCTaxonomy/data#OMII0II840920906,ISS-14P
19291,JSCTaxonomy,http://learn.analytics.nasa.gov/JSCTaxonomy/data#OMII0II841920823,ISS-15P
19292,JSCTaxonomy,http://learn.analytics.nasa.gov/JSCTaxonomy/data#OMII0II842920948,ISS-16P
19293,JSCTaxonomy,http://learn.analytics.nasa.gov/JSCTaxonomy/data#OMII0II843920817,ISS-17P
19294,JSCTaxonomy,http://learn.analytics.nasa.gov/JSCTaxonomy/data#OMII0II844920958,ISS-18P
19295,JSCTaxonomy,http://learn.analytics.nasa.gov/JSCTaxonomy/data#OMII0II845920827,ISS-19P
19296,JSCTaxonomy,http://learn.analytics.nasa.gov/JSCTaxonomy/data#OMII0II1462300479,ISS-20P
19297,JSCTaxonomy,http://learn.analytics.nasa.gov/JSCTaxonomy/data#OMII0II1461300594,ISS-21P
19298,JSCTaxonomy,http://learn.analytics.nasa.gov/JSCTaxonomy/data#OMII0II1464300473,ISS-22P
19299,JSCTaxonomy,http://learn.analytics.nasa.gov/JSCTaxonomy/data#OMII0II1463300604,ISS-23P
19300,JSCTaxonomy,http://learn.analytics.nasa.gov/JSCTaxonomy/data#OMII0II1458300427,ISS-24P
19301,JSCTaxonomy,http://learn.analytics.nasa.gov/JSCTaxonomy/data#OMII0II1457300558,ISS-25P
19302,JSCTaxonomy,http://learn.analytics.nasa.gov/JSCTaxonomy/data#OMII0II1460300469,ISS-26P
19303,JSCTaxonomy,http://learn.analytics.nasa.gov/JSCTaxonomy/data#OMII0II1459300600,ISS-27P
19304,JSCTaxonomy,http://learn.analytics.nasa.gov/JSCTaxonomy/data#OMII0II1454300423,ISS-28P
19305,JSCTaxonomy,http://learn.analytics.nasa.gov/JSCTaxonomy/data#OMII0II1453300570,ISS-29P
19306,JSCTaxonomy,http://learn.analytics.nasa.gov/JSCTaxonomy/data#OMII0II2111286856,ISS-30P
19307,JSCTaxonomy,http://learn.analytics.nasa.gov/JSCTaxonomy/data#OMII0II2110286731,ISS-31P
19308,JSCTaxonomy,http://learn.analytics.nasa.gov/JSCTaxonomy/data#OMII0II2113286898,ISS-32P
19309,JSCTaxonomy,http://learn.analytics.nasa.gov/JSCTaxonomy/data#OMII0II2112286773,ISS-33P
19310,JSCTaxonomy,http://learn.analytics.nasa.gov/JSCTaxonomy/data#OMII0II2107286852,ISS-34P
19311,JSCTaxonomy,http://learn.analytics.nasa.gov/JSCTaxonomy/data#OMII0II2106286727,ISS-35P
19315,JSCTaxonomy,http://learn.analytics.nasa.gov/JSCTaxonomy/data#OMII0II2109286862,ISS-36P
19318,JSCTaxonomy,http://learn.analytics.nasa.gov/JSCTaxonomy/data#OMII0II2108286721,ISS-37P
19321,JSCTaxonomy,http://learn.analytics.nasa.gov/JSCTaxonomy/data#OMII0II2119286880,ISS-38P
19324,JSCTaxonomy,http://learn.analytics.nasa.gov/JSCTaxonomy/data#OMII0II2118286755,ISS-39P
19327,JSCTaxonomy,http://learn.analytics.nasa.gov/JSCTaxonomy/data#OMII0II1524988393,ISS-40P
19330,JSCTaxonomy,http://learn.analytics.nasa.gov/JSCTaxonomy/data#OMII0II1523988268,ISS-41P
19440,JSCTaxonomy,http://learn.analytics.nasa.gov/JSCTaxonomy/data#OMII0II106086079,TDRS-G/IUS
19441,JSCTaxonomy,http://learn.analytics.nasa.gov/JSCTaxonomy/data#OMII0II106086095,TDRS-G
19442,JSCTaxonomy,http://learn.analytics.nasa.gov/JSCTaxonomy/data#OMII0II106086079H,TDRS-7
19453,JSCTaxonomy,http://learn.analytics.nasa.gov/JSCTaxonomy/data#OMII0II98010559,HERCULES-A
19454,JSCTaxonomy,http://learn.analytics.nasa.gov/JSCTaxonomy/data#OMII0II98010556,HERCULES-B
20131,JSCTaxonomy,http://learn.analytics.nasa.gov/JSCTaxonomy/data#165333124156353124224634,ISS-2S
20204,JSCTaxonomy,http://learn.analytics.nasa.gov/JSCTaxonomy/data#406699637,B1
20206,JSCTaxonomy,http://learn.analytics.nasa.gov/JSCTaxonomy/data#1815906070,B10
20214,JSCTaxonomy,http://learn.analytics.nasa.gov/JSCTaxonomy/data#1815906071,B11
20219,JSCTaxonomy,http://learn.analytics.nasa.gov/JSCTaxonomy/data#1815906068,B12
20221,JSCTaxonomy,http://learn.analytics.nasa.gov/JSCTaxonomy/data#1815906069,B13
20223,JSCTaxonomy,http://learn.analytics.nasa.gov/JSCTaxonomy/data#1815906066,B14
20229,JSCTaxonomy,http://learn.analytics.nasa.gov/JSCTaxonomy/data#1815906064,B16
20230,JSCTaxonomy,http://learn.analytics.nasa.gov/JSCTaxonomy/data#1815906065,B17
20231,JSCTaxonomy,http://learn.analytics.nasa.gov/JSCTaxonomy/data#1815906078,B18
20232,JSCTaxonomy,http://learn.analytics.nasa.gov/JSCTaxonomy/data#1815906079,B19
20261,JSCTaxonomy,http://learn.analytics.nasa.gov/JSCTaxonomy/data#1812906091,B24
20265,JSCTaxonomy,http://learn.analytics.nasa.gov/JSCTaxonomy/data#1812906090,B25
20271,JSCTaxonomy,http://learn.analytics.nasa.gov/JSCTaxonomy/data#1812906089,B26
20289,JSCTaxonomy,http://learn.analytics.nasa.gov/JSCTaxonomy/data#1812906088,B27
20291,JSCTaxonomy,http://learn.analytics.nasa.gov/JSCTaxonomy/data#1812906087,B28
20292,JSCTaxonomy,http://learn.analytics.nasa.gov/JSCTaxonomy/data#1812906086,B29
20294,JSCTaxonomy,http://learn.analytics.nasa.gov/JSCTaxonomy/data#1812906001,B2N
20296,JSCTaxonomy,http://learn.analytics.nasa.gov/JSCTaxonomy/data#1812905996,B2S
20297,JSCTaxonomy,http://learn.analytics.nasa.gov/JSCTaxonomy/data#406699639,B3
20661,JSCTaxonomy,http://learn.analytics.nasa.gov/JSCTaxonomy/data#81787122364480220799074,MARS
20667,JSCTaxonomy,http://learn.analytics.nasa.gov/JSCTaxonomy/data#128697409267543059386316,WFF
20669,JSCTaxonomy,http://learn.analytics.nasa.gov/JSCTaxonomy/data#204825054578371919360153,C3PO
20675,JSCTaxonomy,http://learn.analytics.nasa.gov/JSCTaxonomy/data#146016101100522134377127,CCP
20691,JSCTaxonomy,http://learn.analytics.nasa.gov/JSCTaxonomy/data#184152890446069627860506,ATV-1
20692,JSCTaxonomy,http://learn.analytics.nasa.gov/JSCTaxonomy/data#184152890736486173522640,ATV-2
20693,JSCTaxonomy,http://learn.analytics.nasa.gov/JSCTaxonomy/data#1812906095,B20
20694,JSCTaxonomy,http://learn.analytics.nasa.gov/JSCTaxonomy/data#184152890604465558626564,ATV-3
20695,JSCTaxonomy,http://learn.analytics.nasa.gov/JSCTaxonomy/data#184152890962635238924656,ATV-4
20696,JSCTaxonomy,http://learn.analytics.nasa.gov/JSCTaxonomy/data#184152890826913980845991,ATV-5
20727,JSCTaxonomy,http://learn.analytics.nasa.gov/JSCTaxonomy/data#22887227517868536253304,SpX-D
20816,JSCTaxonomy,http://learn.analytics.nasa.gov/JSCTaxonomy/data#185738604580377514281733,A-ONE
20837,JSCTaxonomy,http://learn.analytics.nasa.gov/JSCTaxonomy/data#22887223294337975298960,SpX-1
20843,JSCTaxonomy,http://learn.analytics.nasa.gov/JSCTaxonomy/data#22887222978560390160611,SpX-2
20850,JSCTaxonomy,http://learn.analytics.nasa.gov/JSCTaxonomy/data#22887223037513665089464,SpX-3
20856,JSCTaxonomy,http://learn.analytics.nasa.gov/JSCTaxonomy/data#22887222704528055799395,SpX-4
20862,JSCTaxonomy,http://learn.analytics.nasa.gov/JSCTaxonomy/data#22887222885455919017234,SpX-5
20867,JSCTaxonomy,http://learn.analytics.nasa.gov/JSCTaxonomy/data#211403228712877531269468,HTV3
234,STI,http://localhost:3030/STI/data#182882,CTD
236,STI,http://localhost:3030/STI/data#182631,CCD
356,STI,http://localhost:3030/STI/data#185013,PLSS
505,STI,http://localhost:3030/STI/data#182652,CFCs
781,STI,http://localhost:3030/STI/data#184677,NMR
870,STI,http://localhost:3030/STI/data#45158,IMP
957,STI,http://localhost:3030/STI/data#183400,FFT
1099,STI,http://localhost:3030/STI/data#183150,ECS
1109,STI,http://localhost:3030/STI/data#182550,BPSK
1255,STI,http://localhost:3030/STI/data#185153,QWIP
1285,STI,http://localhost:3030/STI/data#53504,TATB
1377,STI,http://localhost:3030/STI/data#184550,MMS
1391,STI,http://localhost:3030/STI/data#183668,GUT
1434,STI,http://localhost:3030/STI/data#184872,PBB
1637,STI,http://localhost:3030/STI/data#184580,MORL
1815,STI,http://localhost:3030/STI/data#182272,AlGaAs
2035,STI,http://localhost:3030/STI/data#184745,OGO-B
2036,STI,http://localhost:3030/STI/data#48519,OGO-3
2037,STI,http://localhost:3030/STI/data#48516,OGO
2082,STI,http://localhost:3030/STI/data#38904,ATS
2095,STI,http://localhost:3030/STI/data#182699,CID
2152,STI,http://localhost:3030/STI/data#49487,PL/1
2157,STI,http://localhost:3030/STI/data#48517,OGO-A
2162,STI,http://localhost:3030/STI/data#184842,PAH
2188,STI,http://localhost:3030/STI/data#184726,OAO-A
2255,STI,http://localhost:3030/STI/data#38578,AOSO
2316,STI,http://localhost:3030/STI/data#183806,HLLV
2379,STI,http://localhost:3030/STI/data#182525,BMEWS
2468,STI,http://localhost:3030/STI/data#185136,QCD
2503,STI,http://localhost:3030/STI/data#184810,OSO-A
2504,STI,http://localhost:3030/STI/data#48756,OSO-1
2505,STI,http://localhost:3030/STI/data#48754,OSO
2651,STI,http://localhost:3030/STI/data#183710,HCMM
2789,STI,http://localhost:3030/STI/data#184816,OSO-H
2790,STI,http://localhost:3030/STI/data#48762,OSO-7
2799,STI,http://localhost:3030/STI/data#186289,VTOL
2879,STI,http://localhost:3030/STI/data#185496,SFAR
2880,STI,http://localhost:3030/STI/data#185630,SOFAR
2891,STI,http://localhost:3030/STI/data#54400,U.S.S.R.
3033,STI,http://localhost:3030/STI/data#185603,SLV
3064,STI,http://localhost:3030/STI/data#184064,IRM
3067,STI,http://localhost:3030/STI/data#184606,MTPE
3171,STI,http://localhost:3030/STI/data#185488,SEOS
3194,STI,http://localhost:3030/STI/data#184841,PACE
3220,STI,http://localhost:3030/STI/data#49182,PERT
3287,STI,http://localhost:3030/STI/data#186204,VCO
3334,STI,http://localhost:3030/STI/data#183662,GTDS
3393,STI,http://localhost:3030/STI/data#185618,SMM-A
3559,STI,http://localhost:3030/STI/data#45152,IMLSS
3593,STI,http://localhost:3030/STI/data#184544,MIUS
3749,STI,http://localhost:3030/STI/data#184823,OTV
3836,STI,http://localhost:3030/STI/data#184969,PIX
3866,STI,http://localhost:3030/STI/data#184737,ODAS
4053,STI,http://localhost:3030/STI/data#183545,GARP
4073,STI,http://localhost:3030/STI/data#185359,RPV
4247,STI,http://localhost:3030/STI/data#183077,DOVAP
4279,STI,http://localhost:3030/STI/data#51398,SAS
4305,STI,http://localhost:3030/STI/data#42159,EASEP
4351,STI,http://localhost:3030/STI/data#182319,AOIPS
4358,STI,http://localhost:3030/STI/data#185946,TED
4449,STI,http://localhost:3030/STI/data#182411,AVCS
4527,STI,http://localhost:3030/STI/data#62774,MSAT
4682,STI,http://localhost:3030/STI/data#185941,TDMA
4753,STI,http://localhost:3030/STI/data#184822,OTF
4811,STI,http://localhost:3030/STI/data#186298,WAN
4819,STI,http://localhost:3030/STI/data#184431,MDA
5236,STI,http://localhost:3030/STI/data#62776,MTBF
5256,STI,http://localhost:3030/STI/data#182632,CDMA
5264,STI,http://localhost:3030/STI/data#182357,ASTP
5319,STI,http://localhost:3030/STI/data#53615,TERCOM
5412,STI,http://localhost:3030/STI/data#185060,PPY
5445,STI,http://localhost:3030/STI/data#183266,EOGO
5446,STI,http://localhost:3030/STI/data#42217,EGO
5450,STI,http://localhost:3030/STI/data#49698,POGO
5565,STI,http://localhost:3030/STI/data#64826,NPOESS
5567,STI,http://localhost:3030/STI/data#184215,LEO
5573,STI,http://localhost:3030/STI/data#182524,BMC
5596,STI,http://localhost:3030/STI/data#183844,HUL
5614,STI,http://localhost:3030/STI/data#182653,CFD
5634,STI,http://localhost:3030/STI/data#45660,IPAD
5807,STI,http://localhost:3030/STI/data#184603,MTF
5827,STI,http://localhost:3030/STI/data#184820,OT-2
5872,STI,http://localhost:3030/STI/data#186405,YSZ
5905,STI,http://localhost:3030/STI/data#184081,ISY
5991,STI,http://localhost:3030/STI/data#185396,SAS-D
5993,STI,http://localhost:3030/STI/data#45759,IUE
6083,STI,http://localhost:3030/STI/data#186266,VLSI
6221,STI,http://localhost:3030/STI/data#52115,SNAP
6248,STI,http://localhost:3030/STI/data#182347,ASDE
6257,STI,http://localhost:3030/STI/data#184292,LORV
6318,STI,http://localhost:3030/STI/data#183324,EVA
6342,STI,http://localhost:3030/STI/data#182231,AGT
6497,STI,http://localhost:3030/STI/data#183935,IMP-A
6501,STI,http://localhost:3030/STI/data#183927,IMP-1
6579,STI,http://localhost:3030/STI/data#44446,HEAO
6631,STI,http://localhost:3030/STI/data#47928,NASTRAN
6634,STI,http://localhost:3030/STI/data#183269,EOS
6803,STI,http://localhost:3030/STI/data#62745,MODFETS
6823,STI,http://localhost:3030/STI/data#185853,STS-2
6967,STI,http://localhost:3030/STI/data#183279,EPNL
6983,STI,http://localhost:3030/STI/data#42717,EREP
7104,STI,http://localhost:3030/STI/data#185669,SOT
7119,STI,http://localhost:3030/STI/data#185591,SLAM
7124,STI,http://localhost:3030/STI/data#45898,KEL-F
7156,STI,http://localhost:3030/STI/data#185779,SSTI
7193,STI,http://localhost:3030/STI/data#182363,ATF
7284,STI,http://localhost:3030/STI/data#185246,REB
7417,STI,http://localhost:3030/STI/data#185492,SES
7525,STI,http://localhost:3030/STI/data#182720,CNSR
7587,STI,http://localhost:3030/STI/data#183296,ERTS-D
7692,STI,http://localhost:3030/STI/data#61268,COSPAS
7737,STI,http://localhost:3030/STI/data#183000,DF
7787,STI,http://localhost:3030/STI/data#183949,IMP-I
7788,STI,http://localhost:3030/STI/data#183932,IMP-6
8023,STI,http://localhost:3030/STI/data#182417,AXAF
8064,STI,http://localhost:3030/STI/data#182626,CATV
8089,STI,http://localhost:3030/STI/data#45745,ISRO
8100,STI,http://localhost:3030/STI/data#186143,UAS
8172,STI,http://localhost:3030/STI/data#182391,ATP
8180,STI,http://localhost:3030/STI/data#183391,FDMA
8186,STI,http://localhost:3030/STI/data#48645,ORBIS
8417,STI,http://localhost:3030/STI/data#183099,DSSSL
8418,STI,http://localhost:3030/STI/data#185499,SGML
8420,STI,http://localhost:3030/STI/data#183839,HTML
8422,STI,http://localhost:3030/STI/data#183900,HYTIME
8423,STI,http://localhost:3030/STI/data#185738,SPDL
8521,STI,http://localhost:3030/STI/data#183293,ERTS-A
8522,STI,http://localhost:3030/STI/data#183292,ERTS
8616,STI,http://localhost:3030/STI/data#184196,LASV
8639,STI,http://localhost:3030/STI/data#184548,MLA
8666,STI,http://localhost:3030/STI/data#48760,OSO-5
8667,STI,http://localhost:3030/STI/data#184814,OSO-F
8845,STI,http://localhost:3030/STI/data#185498,SGEMP
8899,STI,http://localhost:3030/STI/data#184312,LQR
9076,STI,http://localhost:3030/STI/data#186265,VLBI
9085,STI,http://localhost:3030/STI/data#186144,UFO
9113,STI,http://localhost:3030/STI/data#183297,ERTS-E
9115,STI,http://localhost:3030/STI/data#183272,EOS-A
9147,STI,http://localhost:3030/STI/data#182526,BOD
9157,STI,http://localhost:3030/STI/data#185852,STS-1
9163,STI,http://localhost:3030/STI/data#184739,OFT
9192,STI,http://localhost:3030/STI/data#183306,ESRO
9193,STI,http://localhost:3030/STI/data#183301,ESA
9295,STI,http://localhost:3030/STI/data#183707,HBNQ
9390,STI,http://localhost:3030/STI/data#185851,STS
9416,STI,http://localhost:3030/STI/data#185231,RBE
9661,STI,http://localhost:3030/STI/data#184453,MESFETs
9663,STI,http://localhost:3030/STI/data#183913,IGFET
9664,STI,http://localhost:3030/STI/data#184584,MOSFET
9667,STI,http://localhost:3030/STI/data#184537,MISFETs
9689,STI,http://localhost:3030/STI/data#184716,NTS
9763,STI,http://localhost:3030/STI/data#51399,SAS-1
9818,STI,http://localhost:3030/STI/data#184874,PCB
9934,STI,http://localhost:3030/STI/data#186368,WWW
10037,STI,http://localhost:3030/STI/data#46613,LSSM
10062,STI,http://localhost:3030/STI/data#51400,SAS-2
10234,STI,http://localhost:3030/STI/data#45149,IMBLMS
10271,STI,http://localhost:3030/STI/data#185200,RAE-1
10291,STI,http://localhost:3030/STI/data#184728,OAO-C
10469,STI,http://localhost:3030/STI/data#182397,AUOS
10492,STI,http://localhost:3030/STI/data#182880,CSM
10589,STI,http://localhost:3030/STI/data#38017,AEPS
10615,STI,http://localhost:3030/STI/data#182584,CAI
10617,STI,http://localhost:3030/STI/data#183953,IMS
10636,STI,http://localhost:3030/STI/data#182654,CFRP
10677,STI,http://localhost:3030/STI/data#186047,TOMS
10797,STI,http://localhost:3030/STI/data#62849,NOESS
10842,STI,http://localhost:3030/STI/data#182349,ASIC
11030,STI,http://localhost:3030/STI/data#185427,SCF
11285,STI,http://localhost:3030/STI/data#185619,SMS
11517,STI,http://localhost:3030/STI/data#184224,LFO
11519,STI,http://localhost:3030/STI/data#45701,ISIS-X
11693,STI,http://localhost:3030/STI/data#48761,OSO-6
11694,STI,http://localhost:3030/STI/data#184815,OSO-G
11701,STI,http://localhost:3030/STI/data#184568,MOLABS
11970,STI,http://localhost:3030/STI/data#48520,OGO-4
11971,STI,http://localhost:3030/STI/data#184746,OGO-D
12214,STI,http://localhost:3030/STI/data#184316,LSI
12260,STI,http://localhost:3030/STI/data#51401,SAS-3
12274,STI,http://localhost:3030/STI/data#184505,MGCO
12315,STI,http://localhost:3030/STI/data#64105,TOPEX
12316,STI,http://localhost:3030/STI/data#184812,OSO-D
12317,STI,http://localhost:3030/STI/data#48759,OSO-4
12362,STI,http://localhost:3030/STI/data#48521,OGO-5
12363,STI,http://localhost:3030/STI/data#184747,OGO-E
12637,STI,http://localhost:3030/STI/data#183607,GLAST
12826,STI,http://localhost:3030/STI/data#185426,SCCF
12991,STI,http://localhost:3030/STI/data#185449,SDV
13092,STI,http://localhost:3030/STI/data#183007,DIB
13206,STI,http://localhost:3030/STI/data#182916,DAMA
13247,STI,http://localhost:3030/STI/data#51979,SIM
13317,STI,http://localhost:3030/STI/data#49190,PETN
13321,STI,http://localhost:3030/STI/data#182173,ACTH
13416,STI,http://localhost:3030/STI/data#185570,SIR-C
13418,STI,http://localhost:3030/STI/data#185569,SIR-B
13419,STI,http://localhost:3030/STI/data#185571,SIR-D
13420,STI,http://localhost:3030/STI/data#185568,SIR-A
13475,STI,http://localhost:3030/STI/data#38260,ALGOL
13487,STI,http://localhost:3030/STI/data#183713,HDTV
13496,STI,http://localhost:3030/STI/data#183276,EPE-B
13566,STI,http://localhost:3030/STI/data#182153,ABM
13625,STI,http://localhost:3030/STI/data#40096,CD-ROM
13655,STI,http://localhost:3030/STI/data#183760,HFIR
13727,STI,http://localhost:3030/STI/data#183275,EPE-A
13763,STI,http://localhost:3030/STI/data#185423,SCAT
13798,STI,http://localhost:3030/STI/data#185855,STS-4
13801,STI,http://localhost:3030/STI/data#63035,PEEK
13826,STI,http://localhost:3030/STI/data#182412,AVHRR
13942,STI,http://localhost:3030/STI/data#185494,SETI
14004,STI,http://localhost:3030/STI/data#48450,OAO
14037,STI,http://localhost:3030/STI/data#183059,DNA
14145,STI,http://localhost:3030/STI/data#184263,LMFBR
14183,STI,http://localhost:3030/STI/data#44062,GLONASS
14220,STI,http://localhost:3030/STI/data#184748,OGO-F
14221,STI,http://localhost:3030/STI/data#48522,OGO-6
14222,STI,http://localhost:3030/STI/data#186054,TOS-A
14310,STI,http://localhost:3030/STI/data#183153,EDTA
14499,STI,http://localhost:3030/STI/data#61111,CMOS
14571,STI,http://localhost:3030/STI/data#186028,TID
14639,STI,http://localhost:3030/STI/data#185572,SIRTF
14671,STI,http://localhost:3030/STI/data#184752,OME
15032,STI,http://localhost:3030/STI/data#182191,ADP
15040,STI,http://localhost:3030/STI/data#182362,ATARS
15194,STI,http://localhost:3030/STI/data#182151,AABNCP
15260,STI,http://localhost:3030/STI/data#182234,AIMP-2
15262,STI,http://localhost:3030/STI/data#182236,AIMP-E
15263,STI,http://localhost:3030/STI/data#183943,IMP-E
15268,STI,http://localhost:3030/STI/data#183619,GNP
15301,STI,http://localhost:3030/STI/data#37955,ACTS
15318,STI,http://localhost:3030/STI/data#183554,GASP
15415,STI,http://localhost:3030/STI/data#182345,ASA
15736,STI,http://localhost:3030/STI/data#183950,IMP-J
15737,STI,http://localhost:3030/STI/data#183934,IMP-8
15741,STI,http://localhost:3030/STI/data#184082,IUS
15919,STI,http://localhost:3030/STI/data#49013,PAS
16034,STI,http://localhost:3030/STI/data#182279,ALSEP
16062,STI,http://localhost:3030/STI/data#184264,LNG
16223,STI,http://localhost:3030/STI/data#184060,IRAS
16232,STI,http://localhost:3030/STI/data#185780,SSUS-A
16287,STI,http://localhost:3030/STI/data#183278,EPE-D
16311,STI,http://localhost:3030/STI/data#43402,FLOX
16400,STI,http://localhost:3030/STI/data#48755,OSO-C
16411,STI,http://localhost:3030/STI/data#43535,FORTRAN
16416,STI,http://localhost:3030/STI/data#183137,EBF
16426,STI,http://localhost:3030/STI/data#184068,ISAGEX
16437,STI,http://localhost:3030/STI/data#183562,GDOP
16552,STI,http://localhost:3030/STI/data#184318,LST
16783,STI,http://localhost:3030/STI/data#184069,ISEE
16897,STI,http://localhost:3030/STI/data#183285,ERBE
16960,STI,http://localhost:3030/STI/data#62964,OSO-8
16961,STI,http://localhost:3030/STI/data#184817,OSO-J
17076,STI,http://localhost:3030/STI/data#184798,OR-gates
17125,STI,http://localhost:3030/STI/data#182291,AMOOS
17181,STI,http://localhost:3030/STI/data#182299,AMTV
17264,STI,http://localhost:3030/STI/data#183915,IGOSS
17294,STI,http://localhost:3030/STI/data#184727,OAO-A2
17300,STI,http://localhost:3030/STI/data#184563,MOEMS
17311,STI,http://localhost:3030/STI/data#184600,MSBLS
17360,STI,http://localhost:3030/STI/data#45699,ISIS-A
17365,STI,http://localhost:3030/STI/data#62365,JFET
17404,STI,http://localhost:3030/STI/data#182970,DEHP
17413,STI,http://localhost:3030/STI/data#183325,EVAL
17575,STI,http://localhost:3030/STI/data#182726,COBE
17603,STI,http://localhost:3030/STI/data#185781,SSUS-D
17637,STI,http://localhost:3030/STI/data#183833,HPRR
17653,STI,http://localhost:3030/STI/data#44002,GERT
17769,STI,http://localhost:3030/STI/data#182453,BCAS
17778,STI,http://localhost:3030/STI/data#185291,REMS
17950,STI,http://localhost:3030/STI/data#183274,EOSDIS
18071,STI,http://localhost:3030/STI/data#183948,IMP-H
18073,STI,http://localhost:3030/STI/data#183933,IMP-7
18082,STI,http://localhost:3030/STI/data#50722,RDX
18099,STI,http://localhost:3030/STI/data#182172,ACRV
18177,STI,http://localhost:3030/STI/data#185854,STS-3
18344,STI,http://localhost:3030/STI/data#183946,IMP-F
18345,STI,http://localhost:3030/STI/data#183930,IMP-4
18414,STI,http://localhost:3030/STI/data#185138,QPSK
18460,STI,http://localhost:3030/STI/data#182306,ANS
18562,STI,http://localhost:3030/STI/data#184206,LDEF
18890,STI,http://localhost:3030/STI/data#183267,EOPAP
18961,STI,http://localhost:3030/STI/data#183277,EPE-C
19080,STI,http://localhost:3030/STI/data#48757,OSO-2
19082,STI,http://localhost:3030/STI/data#184811,OSO-B
19182,STI,http://localhost:3030/STI/data#183690,HALOE
19207,STI,http://localhost:3030/STI/data#183942,IMP-D
19209,STI,http://localhost:3030/STI/data#182233,AIMP-1
19210,STI,http://localhost:3030/STI/data#182235,AIMP-D
19317,STI,http://localhost:3030/STI/data#183327,EVS
19351,STI,http://localhost:3030/STI/data#185530,SI
19702,STI,http://localhost:3030/STI/data#183037,DIS
19747,STI,http://localhost:3030/STI/data#183294,ERTS-B
19860,STI,http://localhost:3030/STI/data#184821,OT-3
19936,STI,http://localhost:3030/STI/data#183796,HIMAT
20007,STI,http://localhost:3030/STI/data#183323,EUVE
20130,STI,http://localhost:3030/STI/data#46508,LOFAR
20319,STI,http://localhost:3030/STI/data#184813,OSO-E
20320,STI,http://localhost:3030/STI/data#48758,OSO-3
20344,STI,http://localhost:3030/STI/data#186203,VCE
20346,STI,http://localhost:3030/STI/data#182704,CIS
20392,STI,http://localhost:3030/STI/data#39733,BSX
20494,STI,http://localhost:3030/STI/data#44708,HMX
20576,STI,http://localhost:3030/STI/data#183298,ERTS-F
20578,STI,http://localhost:3030/STI/data#183273,EOS-B
20594,STI,http://localhost:3030/STI/data#41474,DDT
20727,STI,http://localhost:3030/STI/data#183809,HNST
20806,STI,http://localhost:3030/STI/data#183838,HTGR
20842,STI,http://localhost:3030/STI/data#183931,IMP-5
20844,STI,http://localhost:3030/STI/data#183947,IMP-G
20885,STI,http://localhost:3030/STI/data#184551,MNOS
20991,STI,http://localhost:3030/STI/data#183295,ERTS-C
21167,STI,http://localhost:3030/STI/data#52659,SPHINX
21188,STI,http://localhost:3030/STI/data#183941,IMP-C
21189,STI,http://localhost:3030/STI/data#183929,IMP-3
21847,STI,http://localhost:3030/STI/data#183940,IMP-B
21848,STI,http://localhost:3030/STI/data#183928,IMP-2
21870,STI,http://localhost:3030/STI/data#53451,TAGN
22268,STI,http://localhost:3030/STI/data#185450,SE-A
22428,STI,http://localhost:3030/STI/data#45700,ISIS-B
22543,STI,http://localhost:3030/STI/data#48518,OGO-C
